{"cameraMode":{"drawMode":0,"name":"Shaded","section":"Shading Mode"},"sceneLighting":true,"audioPlay":false,"sceneViewState":{"showFog":true,"showMaterialUpdate":false,"showSkybox":true,"showFlares":true,"showImageEffects":true,"showParticleSystems":true},"in2DMode":false,"pivot":{"x":7.121594429016113,"y":2.424837589263916,"z":0.11844730377197266},"rotation":{"x":-0.000044999313104199246,"y":0.9999539256095886,"z":0.005999795626848936,"w":0.007499794941395521},"size":16.341556549072267,"orthographic":false}